[
  {
    "id": "nh_1750060926225_40",
    "timestamp": "2025-06-16T08:02:06.235Z",
    "title": "A1 southbound between A1(M) J40 and B6474 | Southbound | Congestion",
    "description": "Location : The A1 southbound between the junctions with the M62  and the A639 . \nReason : Congestion. \nStatus : Currently Active. \nReturn To Normal : Normal traffic conditions are expected between 09:00 and 09:15 on 16 June 2025. \nDelay : There are currently delays of 10 minutes against expected traffic.",
    "location": "A1, Wakefield District",
    "coordinates": [
      53.679337,
      -1.2616786
    ],
    "source": "national_highways",
    "features": {
      "hour": 9,
      "dayOfWeek": 1,
      "isWeekend": false,
      "isRushHour": true,
      "month": 5,
      "isA1": true,
      "isA19": false,
      "isA69": false,
      "isNewcastle": false,
      "isGateshead": false,
      "isSunderland": false,
      "isDurham": false,
      "isMotorway": true,
      "isBridge": false,
      "isJunction": true,
      "isRoundabout": false,
      "isAccident": false,
      "isBreakdown": false,
      "isRoadworks": false,
      "isWeather": false,
      "isBlocked": false,
      "isClosed": false,
      "isEmergency": false,
      "isDelay": true,
      "hasLanes": false,
      "isMultiLane": false,
      "hasUrgent": false,
      "hasMinor": false,
      "hasCleared": false,
      "hasExpected": true,
      "hasDuration": true,
      "textLength": 396,
      "wordCount": 66,
      "hasCoordinates": false
    },
    "affectedRoutes": [
      "21",
      "25",
      "28",
      "28B",
      "X21",
      "X25"
    ],
    "resolutionTimeMinutes": null,
    "predictedSeverity": null,
    "predictedImpact": null,
    "recordedAt": "2025-06-16T08:02:06.235Z"
  },
  {
    "id": "nh_1750060926224_36",
    "timestamp": "2025-06-16T08:02:06.235Z",
    "title": "M1 northbound within J39 | Northbound | Congestion",
    "description": "Location : The M1 northbound between junctions J38  and J39 . \nReason : Congestion. \nStatus : Currently Active. \nReturn To Normal : Normal traffic conditions are expected between 09:15 and 09:30 on 16 June 2025. \nCause : Broken down vehicle. \nDelay : There are currently delays of 30 minutes against expected traffic.",
    "location": "M1, Wakefield District",
    "coordinates": [
      53.617306,
      -1.5514281
    ],
    "source": "national_highways",
    "features": {
      "hour": 9,
      "dayOfWeek": 1,
      "isWeekend": false,
      "isRushHour": true,
      "month": 5,
      "isA1": false,
      "isA19": false,
      "isA69": false,
      "isNewcastle": false,
      "isGateshead": false,
      "isSunderland": false,
      "isDurham": false,
      "isMotorway": true,
      "isBridge": false,
      "isJunction": true,
      "isRoundabout": false,
      "isAccident": false,
      "isBreakdown": true,
      "isRoadworks": false,
      "isWeather": false,
      "isBlocked": false,
      "isClosed": false,
      "isEmergency": false,
      "isDelay": true,
      "hasLanes": false,
      "isMultiLane": false,
      "hasUrgent": false,
      "hasMinor": false,
      "hasCleared": false,
      "hasExpected": true,
      "hasDuration": true,
      "textLength": 391,
      "wordCount": 64,
      "hasCoordinates": false
    },
    "affectedRoutes": [],
    "resolutionTimeMinutes": null,
    "predictedSeverity": null,
    "predictedImpact": null,
    "recordedAt": "2025-06-16T08:02:06.235Z"
  },
  {
    "id": "nh_1750060926224_35",
    "timestamp": "2025-06-16T08:02:06.234Z",
    "title": "M1 northbound within J39 | Northbound | Broken down vehicle",
    "description": "Location : The M1 northbound at junction J39 . \nReason : Broken down vehicle. \nStatus : Cleared.",
    "location": "M1, Wakefield District",
    "coordinates": [
      53.65018,
      -1.5289488
    ],
    "source": "national_highways",
    "features": {
      "hour": 9,
      "dayOfWeek": 1,
      "isWeekend": false,
      "isRushHour": true,
      "month": 5,
      "isA1": false,
      "isA19": false,
      "isA69": false,
      "isNewcastle": false,
      "isGateshead": false,
      "isSunderland": false,
      "isDurham": false,
      "isMotorway": true,
      "isBridge": false,
      "isJunction": true,
      "isRoundabout": false,
      "isAccident": false,
      "isBreakdown": true,
      "isRoadworks": false,
      "isWeather": false,
      "isBlocked": false,
      "isClosed": false,
      "isEmergency": false,
      "isDelay": false,
      "hasLanes": false,
      "isMultiLane": false,
      "hasUrgent": false,
      "hasMinor": false,
      "hasCleared": true,
      "hasExpected": false,
      "hasDuration": false,
      "textLength": 179,
      "wordCount": 30,
      "hasCoordinates": false
    },
    "affectedRoutes": [],
    "resolutionTimeMinutes": null,
    "predictedSeverity": null,
    "predictedImpact": null,
    "recordedAt": "2025-06-16T08:02:06.234Z"
  },
  {
    "id": "nh_1750060926224_30",
    "timestamp": "2025-06-16T08:02:06.234Z",
    "title": "M62 westbound between J37 and J36 | Westbound | Congestion",
    "description": "Location : The M62 westbound between junctions J37  and J36 . \nReason : Congestion. \nStatus : Currently Active. \nReturn To Normal : Normal traffic conditions are expected between 09:00 and 09:15 on 16 June 2025. \nCause : Emergency bridge repairs. \nDelay : There are currently delays of 10 minutes against expected traffic.",
    "location": "M62, East Riding of Yorkshire",
    "coordinates": [
      53.73612,
      -0.86244935
    ],
    "source": "national_highways",
    "features": {
      "hour": 9,
      "dayOfWeek": 1,
      "isWeekend": false,
      "isRushHour": true,
      "month": 5,
      "isA1": false,
      "isA19": false,
      "isA69": false,
      "isNewcastle": false,
      "isGateshead": false,
      "isSunderland": false,
      "isDurham": false,
      "isMotorway": false,
      "isBridge": true,
      "isJunction": true,
      "isRoundabout": false,
      "isAccident": false,
      "isBreakdown": false,
      "isRoadworks": false,
      "isWeather": false,
      "isBlocked": false,
      "isClosed": false,
      "isEmergency": true,
      "isDelay": true,
      "hasLanes": false,
      "isMultiLane": false,
      "hasUrgent": false,
      "hasMinor": false,
      "hasCleared": false,
      "hasExpected": true,
      "hasDuration": true,
      "textLength": 411,
      "wordCount": 68,
      "hasCoordinates": false
    },
    "affectedRoutes": [],
    "resolutionTimeMinutes": null,
    "predictedSeverity": null,
    "predictedImpact": null,
    "recordedAt": "2025-06-16T08:02:06.234Z"
  },
  {
    "id": "nh_1750060926224_26",
    "timestamp": "2025-06-16T08:02:06.234Z",
    "title": "M1 J31 northbound exit | Northbound | Congestion",
    "description": "Location : The M1 northbound exit slip at junction J31 . \nReason : Congestion. \nStatus : Currently Active. \nReturn To Normal : Normal traffic conditions are expected between 09:00 and 09:15 on 16 June 2025. \nDelay : There are currently delays of 10 minutes against expected traffic.",
    "location": "M1, Rotherham District",
    "coordinates": [
      53.35929,
      -1.2845325
    ],
    "source": "national_highways",
    "features": {
      "hour": 9,
      "dayOfWeek": 1,
      "isWeekend": false,
      "isRushHour": true,
      "month": 5,
      "isA1": false,
      "isA19": false,
      "isA69": false,
      "isNewcastle": false,
      "isGateshead": false,
      "isSunderland": false,
      "isDurham": false,
      "isMotorway": true,
      "isBridge": false,
      "isJunction": true,
      "isRoundabout": false,
      "isAccident": false,
      "isBreakdown": false,
      "isRoadworks": false,
      "isWeather": false,
      "isBlocked": false,
      "isClosed": false,
      "isEmergency": false,
      "isDelay": true,
      "hasLanes": false,
      "isMultiLane": false,
      "hasUrgent": false,
      "hasMinor": false,
      "hasCleared": false,
      "hasExpected": true,
      "hasDuration": true,
      "textLength": 354,
      "wordCount": 58,
      "hasCoordinates": false
    },
    "affectedRoutes": [],
    "resolutionTimeMinutes": null,
    "predictedSeverity": null,
    "predictedImpact": null,
    "recordedAt": "2025-06-16T08:02:06.234Z"
  },
  {
    "id": "nh_1750060926224_25",
    "timestamp": "2025-06-16T08:02:06.233Z",
    "title": "A14 J57 westbound exit | Westbound | Congestion",
    "description": "Location : The A14 westbound exit slip at junction J57 Ipswich East. \nReason : Congestion. \nStatus : Currently Active. \nReturn To Normal : Normal traffic conditions are expected between 09:00 and 09:15 on 16 June 2025.",
    "location": "A14, Suffolk",
    "coordinates": [
      52.025238,
      1.2105235
    ],
    "source": "national_highways",
    "features": {
      "hour": 9,
      "dayOfWeek": 1,
      "isWeekend": false,
      "isRushHour": true,
      "month": 5,
      "isA1": true,
      "isA19": false,
      "isA69": false,
      "isNewcastle": false,
      "isGateshead": false,
      "isSunderland": false,
      "isDurham": false,
      "isMotorway": true,
      "isBridge": false,
      "isJunction": true,
      "isRoundabout": false,
      "isAccident": false,
      "isBreakdown": false,
      "isRoadworks": false,
      "isWeather": false,
      "isBlocked": false,
      "isClosed": false,
      "isEmergency": false,
      "isDelay": false,
      "hasLanes": false,
      "isMultiLane": false,
      "hasUrgent": false,
      "hasMinor": false,
      "hasCleared": false,
      "hasExpected": true,
      "hasDuration": false,
      "textLength": 279,
      "wordCount": 46,
      "hasCoordinates": false
    },
    "affectedRoutes": [
      "21",
      "25",
      "28",
      "28B",
      "X21",
      "X25"
    ],
    "resolutionTimeMinutes": null,
    "predictedSeverity": null,
    "predictedImpact": null,
    "recordedAt": "2025-06-16T08:02:06.233Z"
  },
  {
    "id": "nh_1750060926224_23",
    "timestamp": "2025-06-16T08:02:06.233Z",
    "title": "A1 northbound within the A639 junction | Northbound | Congestion",
    "description": "Location : The A1 northbound at the junction with the A639 . \nReason : Congestion. \nStatus : Currently Active. \nReturn To Normal : Normal traffic conditions are expected between 09:00 and 09:15 on 16 June 2025.",
    "location": "A1, Wakefield District",
    "coordinates": [
      53.61719,
      -1.2301306
    ],
    "source": "national_highways",
    "features": {
      "hour": 9,
      "dayOfWeek": 1,
      "isWeekend": false,
      "isRushHour": true,
      "month": 5,
      "isA1": true,
      "isA19": false,
      "isA69": false,
      "isNewcastle": false,
      "isGateshead": false,
      "isSunderland": false,
      "isDurham": false,
      "isMotorway": true,
      "isBridge": false,
      "isJunction": true,
      "isRoundabout": false,
      "isAccident": false,
      "isBreakdown": false,
      "isRoadworks": false,
      "isWeather": false,
      "isBlocked": false,
      "isClosed": false,
      "isEmergency": false,
      "isDelay": false,
      "hasLanes": false,
      "isMultiLane": false,
      "hasUrgent": false,
      "hasMinor": false,
      "hasCleared": false,
      "hasExpected": true,
      "hasDuration": false,
      "textLength": 298,
      "wordCount": 49,
      "hasCoordinates": false
    },
    "affectedRoutes": [
      "21",
      "25",
      "28",
      "28B",
      "X21",
      "X25"
    ],
    "resolutionTimeMinutes": null,
    "predictedSeverity": null,
    "predictedImpact": null,
    "recordedAt": "2025-06-16T08:02:06.233Z"
  },
  {
    "id": "nh_1750060926223_21",
    "timestamp": "2025-06-16T08:02:06.233Z",
    "title": "A14 J23 eastbound exit | Eastbound | Congestion",
    "description": "Location : The A14 eastbound exit slip at junction J23 . \nReason : Congestion. \nStatus : Currently Active. \nReturn To Normal : Normal traffic conditions are expected between 09:00 and 09:15 on 16 June 2025. \nDelay : There are currently delays of 10 minutes against expected traffic.",
    "location": "A14, Cambridgeshire",
    "coordinates": [
      52.293003,
      -0.15357085
    ],
    "source": "national_highways",
    "features": {
      "hour": 9,
      "dayOfWeek": 1,
      "isWeekend": false,
      "isRushHour": true,
      "month": 5,
      "isA1": true,
      "isA19": false,
      "isA69": false,
      "isNewcastle": false,
      "isGateshead": false,
      "isSunderland": false,
      "isDurham": false,
      "isMotorway": true,
      "isBridge": true,
      "isJunction": true,
      "isRoundabout": false,
      "isAccident": false,
      "isBreakdown": false,
      "isRoadworks": false,
      "isWeather": false,
      "isBlocked": false,
      "isClosed": false,
      "isEmergency": false,
      "isDelay": true,
      "hasLanes": false,
      "isMultiLane": false,
      "hasUrgent": false,
      "hasMinor": false,
      "hasCleared": false,
      "hasExpected": true,
      "hasDuration": true,
      "textLength": 350,
      "wordCount": 57,
      "hasCoordinates": false
    },
    "affectedRoutes": [
      "21",
      "25",
      "28",
      "28B",
      "X21",
      "X25"
    ],
    "resolutionTimeMinutes": null,
    "predictedSeverity": null,
    "predictedImpact": null,
    "recordedAt": "2025-06-16T08:02:06.233Z"
  },
  {
    "id": "nh_1750060926223_20",
    "timestamp": "2025-06-16T08:02:06.232Z",
    "title": "A64 eastbound exit for A169 | Eastbound | RoadOrCarriagewayOrLaneManagement",
    "description": "Location : The A64 eastbound exit slip to the A169  . \nReason : Road Management. \nStatus : Currently Active. \nTime To Clear : The event is expected to clear between 10:30 and 10:45 on 16 June 2025. \nReturn To Normal : Normal traffic conditions are expected between 10:30 and 10:45 on 16 June 2025. \nLanes Closed : There are lane closures.",
    "location": "A64, North Yorkshire",
    "coordinates": [
      54.149868,
      -0.77845347
    ],
    "source": "national_highways",
    "features": {
      "hour": 9,
      "dayOfWeek": 1,
      "isWeekend": false,
      "isRushHour": true,
      "month": 5,
      "isA1": true,
      "isA19": false,
      "isA69": false,
      "isNewcastle": false,
      "isGateshead": false,
      "isSunderland": false,
      "isDurham": false,
      "isMotorway": true,
      "isBridge": false,
      "isJunction": true,
      "isRoundabout": false,
      "isAccident": false,
      "isBreakdown": false,
      "isRoadworks": false,
      "isWeather": false,
      "isBlocked": false,
      "isClosed": true,
      "isEmergency": false,
      "isDelay": false,
      "hasLanes": true,
      "isMultiLane": true,
      "hasUrgent": false,
      "hasMinor": false,
      "hasCleared": false,
      "hasExpected": true,
      "hasDuration": false,
      "textLength": 435,
      "wordCount": 74,
      "hasCoordinates": false
    },
    "affectedRoutes": [
      "21",
      "25",
      "28",
      "28B",
      "X21",
      "X25"
    ],
    "resolutionTimeMinutes": null,
    "predictedSeverity": null,
    "predictedImpact": null,
    "recordedAt": "2025-06-16T08:02:06.232Z"
  },
  {
    "id": "nh_1750060926223_19",
    "timestamp": "2025-06-16T08:02:06.232Z",
    "title": "A160 westbound between A1173 and A1077 | Westbound | Congestion",
    "description": "Location : The A160 westbound between the A1173  and the junction with the A1077 . \nReason : Congestion. \nStatus : Currently Active. \nReturn To Normal : Normal traffic conditions are expected between 09:00 and 09:15 on 16 June 2025. \nDelay : There are currently delays of 10 minutes against expected traffic.",
    "location": "A160, North Lincolnshire",
    "coordinates": [
      53.628796,
      -0.25725
    ],
    "source": "national_highways",
    "features": {
      "hour": 9,
      "dayOfWeek": 1,
      "isWeekend": false,
      "isRushHour": true,
      "month": 5,
      "isA1": true,
      "isA19": false,
      "isA69": false,
      "isNewcastle": false,
      "isGateshead": false,
      "isSunderland": false,
      "isDurham": false,
      "isMotorway": true,
      "isBridge": false,
      "isJunction": true,
      "isRoundabout": false,
      "isAccident": false,
      "isBreakdown": false,
      "isRoadworks": false,
      "isWeather": false,
      "isBlocked": false,
      "isClosed": false,
      "isEmergency": false,
      "isDelay": true,
      "hasLanes": false,
      "isMultiLane": false,
      "hasUrgent": false,
      "hasMinor": false,
      "hasCleared": false,
      "hasExpected": true,
      "hasDuration": true,
      "textLength": 397,
      "wordCount": 65,
      "hasCoordinates": false
    },
    "affectedRoutes": [
      "21",
      "25",
      "28",
      "28B",
      "X21",
      "X25"
    ],
    "resolutionTimeMinutes": null,
    "predictedSeverity": null,
    "predictedImpact": null,
    "recordedAt": "2025-06-16T08:02:06.232Z"
  },
  {
    "id": "nh_1750060926223_18",
    "timestamp": "2025-06-16T08:02:06.231Z",
    "title": "M18 southbound between J4 and J3 | Southbound | Accident",
    "description": "Location : The M18 southbound between junctions J4  and J3 . \nReason : Road traffic collision. \nStatus : Currently Active. \nTime To Clear : The event is expected to clear between 09:45 and 10:00 on 16 June 2025. \nReturn To Normal : Normal traffic conditions are expected between 09:45 and 10:00 on 16 June 2025. \nDelay : There are currently delays of 40 minutes against expected traffic. \nLanes Closed : There are lane closures.",
    "location": "M18, Doncaster District",
    "coordinates": [
      53.488243,
      -1.1029027
    ],
    "source": "national_highways",
    "features": {
      "hour": 9,
      "dayOfWeek": 1,
      "isWeekend": false,
      "isRushHour": true,
      "month": 5,
      "isA1": false,
      "isA19": false,
      "isA69": false,
      "isNewcastle": false,
      "isGateshead": false,
      "isSunderland": false,
      "isDurham": false,
      "isMotorway": true,
      "isBridge": false,
      "isJunction": true,
      "isRoundabout": false,
      "isAccident": true,
      "isBreakdown": false,
      "isRoadworks": false,
      "isWeather": false,
      "isBlocked": false,
      "isClosed": true,
      "isEmergency": false,
      "isDelay": true,
      "hasLanes": true,
      "isMultiLane": true,
      "hasUrgent": false,
      "hasMinor": false,
      "hasCleared": false,
      "hasExpected": true,
      "hasDuration": true,
      "textLength": 509,
      "wordCount": 88,
      "hasCoordinates": false
    },
    "affectedRoutes": [],
    "resolutionTimeMinutes": null,
    "predictedSeverity": null,
    "predictedImpact": null,
    "recordedAt": "2025-06-16T08:02:06.231Z"
  },
  {
    "id": "nh_1750060926223_17",
    "timestamp": "2025-06-16T08:02:06.231Z",
    "title": "M18 southbound between J4 and J3 | Southbound | Congestion",
    "description": "Location : The M18 southbound between junctions J4  and J3 . \nReason : Congestion. \nStatus : Currently Active. \nReturn To Normal : Normal traffic conditions are expected between 09:15 and 09:30 on 16 June 2025. \nCause : Road traffic collision. \nDelay : There are currently delays of 40 minutes against expected traffic.",
    "location": "M18, Doncaster District",
    "coordinates": [
      53.502113,
      -1.0560604
    ],
    "source": "national_highways",
    "features": {
      "hour": 9,
      "dayOfWeek": 1,
      "isWeekend": false,
      "isRushHour": true,
      "month": 5,
      "isA1": false,
      "isA19": false,
      "isA69": false,
      "isNewcastle": false,
      "isGateshead": false,
      "isSunderland": false,
      "isDurham": false,
      "isMotorway": true,
      "isBridge": false,
      "isJunction": true,
      "isRoundabout": false,
      "isAccident": true,
      "isBreakdown": false,
      "isRoadworks": false,
      "isWeather": false,
      "isBlocked": false,
      "isClosed": false,
      "isEmergency": false,
      "isDelay": true,
      "hasLanes": false,
      "isMultiLane": false,
      "hasUrgent": false,
      "hasMinor": false,
      "hasCleared": false,
      "hasExpected": true,
      "hasDuration": true,
      "textLength": 402,
      "wordCount": 66,
      "hasCoordinates": false
    },
    "affectedRoutes": [],
    "resolutionTimeMinutes": null,
    "predictedSeverity": null,
    "predictedImpact": null,
    "recordedAt": "2025-06-16T08:02:06.231Z"
  },
  {
    "id": "nh_1750060926222_7",
    "timestamp": "2025-06-16T08:02:06.230Z",
    "title": "A1 northbound exit for A605 | Northbound | Congestion",
    "description": "Location : The A1 northbound exit slip to the A605 . \nReason : Congestion. \nStatus : Currently Active. \nReturn To Normal : Normal traffic conditions are expected between 09:00 and 09:15 on 16 June 2025.",
    "location": "A1, Cambridgeshire",
    "coordinates": [
      52.546234,
      -0.33554527
    ],
    "source": "national_highways",
    "features": {
      "hour": 9,
      "dayOfWeek": 1,
      "isWeekend": false,
      "isRushHour": true,
      "month": 5,
      "isA1": true,
      "isA19": false,
      "isA69": false,
      "isNewcastle": false,
      "isGateshead": false,
      "isSunderland": false,
      "isDurham": false,
      "isMotorway": true,
      "isBridge": true,
      "isJunction": true,
      "isRoundabout": false,
      "isAccident": false,
      "isBreakdown": false,
      "isRoadworks": false,
      "isWeather": false,
      "isBlocked": false,
      "isClosed": false,
      "isEmergency": false,
      "isDelay": false,
      "hasLanes": false,
      "isMultiLane": false,
      "hasUrgent": false,
      "hasMinor": false,
      "hasCleared": false,
      "hasExpected": true,
      "hasDuration": false,
      "textLength": 275,
      "wordCount": 46,
      "hasCoordinates": false
    },
    "affectedRoutes": [
      "21",
      "25",
      "28",
      "28B",
      "X21",
      "X25"
    ],
    "resolutionTimeMinutes": null,
    "predictedSeverity": null,
    "predictedImpact": null,
    "recordedAt": "2025-06-16T08:02:06.230Z"
  },
  {
    "id": "nh_1750060926222_1",
    "timestamp": "2025-06-16T08:02:06.230Z",
    "title": "A12 southbound within J25 | Southbound | Congestion",
    "description": "Location : The A12 southbound between junctions J26  and J25 . \nReason : Congestion. \nStatus : Currently Active. \nReturn To Normal : Normal traffic conditions are expected between 09:00 and 09:15 on 16 June 2025. \nDelay : There are currently delays of 15 minutes against expected traffic.",
    "location": "A12, Essex",
    "coordinates": [
      51.890568,
      0.83230925
    ],
    "source": "national_highways",
    "features": {
      "hour": 9,
      "dayOfWeek": 1,
      "isWeekend": false,
      "isRushHour": true,
      "month": 5,
      "isA1": true,
      "isA19": false,
      "isA69": false,
      "isNewcastle": false,
      "isGateshead": false,
      "isSunderland": false,
      "isDurham": false,
      "isMotorway": true,
      "isBridge": false,
      "isJunction": true,
      "isRoundabout": false,
      "isAccident": false,
      "isBreakdown": false,
      "isRoadworks": false,
      "isWeather": false,
      "isBlocked": false,
      "isClosed": false,
      "isEmergency": false,
      "isDelay": true,
      "hasLanes": false,
      "isMultiLane": false,
      "hasUrgent": false,
      "hasMinor": false,
      "hasCleared": false,
      "hasExpected": true,
      "hasDuration": true,
      "textLength": 351,
      "wordCount": 58,
      "hasCoordinates": false
    },
    "affectedRoutes": [
      "21",
      "25",
      "28",
      "28B",
      "X21",
      "X25"
    ],
    "resolutionTimeMinutes": null,
    "predictedSeverity": null,
    "predictedImpact": null,
    "recordedAt": "2025-06-16T08:02:06.230Z"
  },
  {
    "id": "nh_1750060233793_48",
    "timestamp": "2025-06-16T07:50:33.799Z",
    "title": "A11 southbound between A1075 and A134/A1066 | Southbound | Congestion",
    "description": "Location : The A11 southbound between the junctions with the A1075  and the A134 Thetford North. \nReason : Congestion. \nStatus : Currently Active. \nReturn To Normal : Normal traffic conditions are expected between 08:45 and 09:00 on 16 June 2025. \nDelay : There are currently delays of 10 minutes against expected traffic.",
    "location": "A11, Norfolk",
    "coordinates": [
      52.434837,
      0.74856687
    ],
    "source": "national_highways",
    "features": {
      "hour": 8,
      "dayOfWeek": 1,
      "isWeekend": false,
      "isRushHour": true,
      "month": 5,
      "isA1": true,
      "isA19": false,
      "isA69": false,
      "isNewcastle": false,
      "isGateshead": false,
      "isSunderland": false,
      "isDurham": false,
      "isMotorway": true,
      "isBridge": false,
      "isJunction": true,
      "isRoundabout": false,
      "isAccident": false,
      "isBreakdown": false,
      "isRoadworks": false,
      "isWeather": false,
      "isBlocked": false,
      "isClosed": false,
      "isEmergency": false,
      "isDelay": true,
      "hasLanes": false,
      "isMultiLane": false,
      "hasUrgent": false,
      "hasMinor": false,
      "hasCleared": false,
      "hasExpected": true,
      "hasDuration": true,
      "textLength": 405,
      "wordCount": 65,
      "hasCoordinates": false
    },
    "affectedRoutes": [
      "21",
      "25",
      "28",
      "28B",
      "X21",
      "X25"
    ],
    "resolutionTimeMinutes": null,
    "predictedSeverity": null,
    "predictedImpact": null,
    "recordedAt": "2025-06-16T07:50:33.799Z"
  },
  {
    "id": "nh_1750060233793_37",
    "timestamp": "2025-06-16T07:50:33.799Z",
    "title": "A1 southbound between A1(M) J40 and B6474 | Southbound | Congestion",
    "description": "Location : The A1 southbound between the junctions with the M62  and the A639 . \nReason : Congestion. \nStatus : Currently Active. \nReturn To Normal : Normal traffic conditions are expected between 08:45 and 09:00 on 16 June 2025. \nDelay : There are currently delays of 10 minutes against expected traffic.",
    "location": "A1, Wakefield District",
    "coordinates": [
      53.679337,
      -1.2616786
    ],
    "source": "national_highways",
    "features": {
      "hour": 8,
      "dayOfWeek": 1,
      "isWeekend": false,
      "isRushHour": true,
      "month": 5,
      "isA1": true,
      "isA19": false,
      "isA69": false,
      "isNewcastle": false,
      "isGateshead": false,
      "isSunderland": false,
      "isDurham": false,
      "isMotorway": true,
      "isBridge": false,
      "isJunction": true,
      "isRoundabout": false,
      "isAccident": false,
      "isBreakdown": false,
      "isRoadworks": false,
      "isWeather": false,
      "isBlocked": false,
      "isClosed": false,
      "isEmergency": false,
      "isDelay": true,
      "hasLanes": false,
      "isMultiLane": false,
      "hasUrgent": false,
      "hasMinor": false,
      "hasCleared": false,
      "hasExpected": true,
      "hasDuration": true,
      "textLength": 396,
      "wordCount": 66,
      "hasCoordinates": false
    },
    "affectedRoutes": [
      "21",
      "25",
      "28",
      "28B",
      "X21",
      "X25"
    ],
    "resolutionTimeMinutes": null,
    "predictedSeverity": null,
    "predictedImpact": null,
    "recordedAt": "2025-06-16T07:50:33.799Z"
  },
  {
    "id": "nh_1750060233792_33",
    "timestamp": "2025-06-16T07:50:33.799Z",
    "title": "M1 northbound within J39 | Northbound | Congestion",
    "description": "Location : The M1 northbound between junctions J38  and J39 . \nReason : Congestion. \nStatus : Currently Active. \nReturn To Normal : Normal traffic conditions are expected between 08:45 and 09:00 on 16 June 2025. \nDelay : There are currently delays of 20 minutes against expected traffic.",
    "location": "M1, Wakefield District",
    "coordinates": [
      53.617306,
      -1.5514281
    ],
    "source": "national_highways",
    "features": {
      "hour": 8,
      "dayOfWeek": 1,
      "isWeekend": false,
      "isRushHour": true,
      "month": 5,
      "isA1": false,
      "isA19": false,
      "isA69": false,
      "isNewcastle": false,
      "isGateshead": false,
      "isSunderland": false,
      "isDurham": false,
      "isMotorway": true,
      "isBridge": false,
      "isJunction": true,
      "isRoundabout": false,
      "isAccident": false,
      "isBreakdown": false,
      "isRoadworks": false,
      "isWeather": false,
      "isBlocked": false,
      "isClosed": false,
      "isEmergency": false,
      "isDelay": true,
      "hasLanes": false,
      "isMultiLane": false,
      "hasUrgent": false,
      "hasMinor": false,
      "hasCleared": false,
      "hasExpected": true,
      "hasDuration": true,
      "textLength": 361,
      "wordCount": 59,
      "hasCoordinates": false
    },
    "affectedRoutes": [],
    "resolutionTimeMinutes": null,
    "predictedSeverity": null,
    "predictedImpact": null,
    "recordedAt": "2025-06-16T07:50:33.799Z"
  },
  {
    "id": "merged-national_highways-national_highways-1750060233795",
    "timestamp": "2025-06-16T07:50:33.799Z",
    "title": "M1 northbound within J39 | Northbound | Broken down vehicle",
    "description": "Location : The M1 northbound entry slip at junction J39 . \nLane Closures : Lane two is closed. \nReason : Broken down vehicle. \nStatus : Currently Active. \nTime To Clear : The event is expected to clear between 09:15 and 09:30 on 16 June 2025. \nReturn To Normal : Normal traffic conditions are expected between 09:15 and 09:30 on 16 June 2025. \nLanes Closed : There is one of two lanes closed.",
    "location": "M1, Wakefield District",
    "coordinates": [
      53.65018,
      -1.5289488
    ],
    "source": "national_highways",
    "features": {
      "hour": 8,
      "dayOfWeek": 1,
      "isWeekend": false,
      "isRushHour": true,
      "month": 5,
      "isA1": false,
      "isA19": false,
      "isA69": false,
      "isNewcastle": false,
      "isGateshead": false,
      "isSunderland": false,
      "isDurham": false,
      "isMotorway": true,
      "isBridge": false,
      "isJunction": true,
      "isRoundabout": false,
      "isAccident": false,
      "isBreakdown": true,
      "isRoadworks": false,
      "isWeather": false,
      "isBlocked": false,
      "isClosed": true,
      "isEmergency": false,
      "isDelay": false,
      "hasLanes": true,
      "isMultiLane": true,
      "hasUrgent": false,
      "hasMinor": false,
      "hasCleared": false,
      "hasExpected": true,
      "hasDuration": false,
      "textLength": 475,
      "wordCount": 85,
      "hasCoordinates": false
    },
    "affectedRoutes": [],
    "resolutionTimeMinutes": null,
    "predictedSeverity": null,
    "predictedImpact": null,
    "recordedAt": "2025-06-16T07:50:33.799Z"
  },
  {
    "id": "nh_1750060233792_31",
    "timestamp": "2025-06-16T07:50:33.799Z",
    "title": "connector at M1 J42/M62 J29 | Northbound | Congestion",
    "description": "Location : The M1 northbound exit slip at junction J42 For M62 East. \nReason : Congestion. \nStatus : Currently Active. \nReturn To Normal : Normal traffic conditions are expected between 08:45 and 09:00 on 16 June 2025. \nDelay : There are currently delays of 10 minutes against expected traffic.",
    "location": "M1, Leeds District",
    "coordinates": [
      53.729725,
      -1.5134703
    ],
    "source": "national_highways",
    "features": {
      "hour": 8,
      "dayOfWeek": 1,
      "isWeekend": false,
      "isRushHour": true,
      "month": 5,
      "isA1": false,
      "isA19": false,
      "isA69": false,
      "isNewcastle": false,
      "isGateshead": false,
      "isSunderland": false,
      "isDurham": false,
      "isMotorway": true,
      "isBridge": false,
      "isJunction": true,
      "isRoundabout": false,
      "isAccident": false,
      "isBreakdown": false,
      "isRoadworks": false,
      "isWeather": false,
      "isBlocked": false,
      "isClosed": false,
      "isEmergency": false,
      "isDelay": true,
      "hasLanes": false,
      "isMultiLane": false,
      "hasUrgent": false,
      "hasMinor": false,
      "hasCleared": false,
      "hasExpected": true,
      "hasDuration": true,
      "textLength": 367,
      "wordCount": 61,
      "hasCoordinates": false
    },
    "affectedRoutes": [],
    "resolutionTimeMinutes": null,
    "predictedSeverity": null,
    "predictedImpact": null,
    "recordedAt": "2025-06-16T07:50:33.799Z"
  },
  {
    "id": "nh_1750060233792_29",
    "timestamp": "2025-06-16T07:50:33.798Z",
    "title": "A12 southbound within J28 | Southbound | Congestion",
    "description": "Location : The A12 southbound at junction J28 . \nReason : Congestion. \nStatus : Currently Active. \nReturn To Normal : Normal traffic conditions are expected between 08:45 and 09:00 on 16 June 2025. \nDelay : There are currently delays of 10 minutes against expected traffic.",
    "location": "A12, Essex",
    "coordinates": [
      51.924873,
      0.9010679
    ],
    "source": "national_highways",
    "features": {
      "hour": 8,
      "dayOfWeek": 1,
      "isWeekend": false,
      "isRushHour": true,
      "month": 5,
      "isA1": true,
      "isA19": false,
      "isA69": false,
      "isNewcastle": false,
      "isGateshead": false,
      "isSunderland": false,
      "isDurham": false,
      "isMotorway": true,
      "isBridge": false,
      "isJunction": true,
      "isRoundabout": false,
      "isAccident": false,
      "isBreakdown": false,
      "isRoadworks": false,
      "isWeather": false,
      "isBlocked": false,
      "isClosed": false,
      "isEmergency": false,
      "isDelay": true,
      "hasLanes": false,
      "isMultiLane": false,
      "hasUrgent": false,
      "hasMinor": false,
      "hasCleared": false,
      "hasExpected": true,
      "hasDuration": true,
      "textLength": 336,
      "wordCount": 55,
      "hasCoordinates": false
    },
    "affectedRoutes": [
      "21",
      "25",
      "28",
      "28B",
      "X21",
      "X25"
    ],
    "resolutionTimeMinutes": null,
    "predictedSeverity": null,
    "predictedImpact": null,
    "recordedAt": "2025-06-16T07:50:33.798Z"
  },
  {
    "id": "nh_1750060233792_28",
    "timestamp": "2025-06-16T07:50:33.798Z",
    "title": "A11 northbound between B1135 near Wymondham (north) and A47 | Northbound | Congestion",
    "description": "Location : The A11 northbound between the junctions with the A1075  and the A47 . \nReason : Congestion. \nStatus : Currently Active. \nReturn To Normal : Normal traffic conditions are expected between 08:45 and 09:00 on 16 June 2025. \nDelay : There are currently delays of 10 minutes against expected traffic.",
    "location": "A11, Norfolk",
    "coordinates": [
      52.599655,
      1.219382
    ],
    "source": "national_highways",
    "features": {
      "hour": 8,
      "dayOfWeek": 1,
      "isWeekend": false,
      "isRushHour": true,
      "month": 5,
      "isA1": true,
      "isA19": false,
      "isA69": false,
      "isNewcastle": false,
      "isGateshead": false,
      "isSunderland": false,
      "isDurham": false,
      "isMotorway": true,
      "isBridge": false,
      "isJunction": true,
      "isRoundabout": false,
      "isAccident": false,
      "isBreakdown": false,
      "isRoadworks": false,
      "isWeather": false,
      "isBlocked": false,
      "isClosed": false,
      "isEmergency": false,
      "isDelay": true,
      "hasLanes": false,
      "isMultiLane": false,
      "hasUrgent": false,
      "hasMinor": false,
      "hasCleared": false,
      "hasExpected": true,
      "hasDuration": true,
      "textLength": 406,
      "wordCount": 67,
      "hasCoordinates": false
    },
    "affectedRoutes": [
      "21",
      "25",
      "28",
      "28B",
      "X21",
      "X25"
    ],
    "resolutionTimeMinutes": null,
    "predictedSeverity": null,
    "predictedImpact": null,
    "recordedAt": "2025-06-16T07:50:33.798Z"
  },
  {
    "id": "nh_1750060233792_27",
    "timestamp": "2025-06-16T07:50:33.798Z",
    "title": "M62 westbound between J37 and J36 | Westbound | Congestion",
    "description": "Location : The M62 westbound between junctions J37  and J36 . \nReason : Congestion. \nStatus : Currently Active. \nReturn To Normal : Normal traffic conditions are expected between 08:45 and 09:00 on 16 June 2025. \nCause : Emergency bridge repairs. \nDelay : There are currently delays of 15 minutes against expected traffic.",
    "location": "M62, East Riding of Yorkshire",
    "coordinates": [
      53.73612,
      -0.86244935
    ],
    "source": "national_highways",
    "features": {
      "hour": 8,
      "dayOfWeek": 1,
      "isWeekend": false,
      "isRushHour": true,
      "month": 5,
      "isA1": false,
      "isA19": false,
      "isA69": false,
      "isNewcastle": false,
      "isGateshead": false,
      "isSunderland": false,
      "isDurham": false,
      "isMotorway": false,
      "isBridge": true,
      "isJunction": true,
      "isRoundabout": false,
      "isAccident": false,
      "isBreakdown": false,
      "isRoadworks": false,
      "isWeather": false,
      "isBlocked": false,
      "isClosed": false,
      "isEmergency": true,
      "isDelay": true,
      "hasLanes": false,
      "isMultiLane": false,
      "hasUrgent": false,
      "hasMinor": false,
      "hasCleared": false,
      "hasExpected": true,
      "hasDuration": true,
      "textLength": 411,
      "wordCount": 68,
      "hasCoordinates": false
    },
    "affectedRoutes": [],
    "resolutionTimeMinutes": null,
    "predictedSeverity": null,
    "predictedImpact": null,
    "recordedAt": "2025-06-16T07:50:33.798Z"
  },
  {
    "id": "nh_1750060233792_23",
    "timestamp": "2025-06-16T07:50:33.798Z",
    "title": "M1 J31 northbound exit | Northbound | Congestion",
    "description": "Location : The M1 northbound exit slip at junction J31 . \nReason : Congestion. \nStatus : Currently Active. \nReturn To Normal : Normal traffic conditions are expected between 08:45 and 09:00 on 16 June 2025. \nDelay : There are currently delays of 10 minutes against expected traffic.",
    "location": "M1, Rotherham District",
    "coordinates": [
      53.35929,
      -1.2845325
    ],
    "source": "national_highways",
    "features": {
      "hour": 8,
      "dayOfWeek": 1,
      "isWeekend": false,
      "isRushHour": true,
      "month": 5,
      "isA1": false,
      "isA19": false,
      "isA69": false,
      "isNewcastle": false,
      "isGateshead": false,
      "isSunderland": false,
      "isDurham": false,
      "isMotorway": true,
      "isBridge": false,
      "isJunction": true,
      "isRoundabout": false,
      "isAccident": false,
      "isBreakdown": false,
      "isRoadworks": false,
      "isWeather": false,
      "isBlocked": false,
      "isClosed": false,
      "isEmergency": false,
      "isDelay": true,
      "hasLanes": false,
      "isMultiLane": false,
      "hasUrgent": false,
      "hasMinor": false,
      "hasCleared": false,
      "hasExpected": true,
      "hasDuration": true,
      "textLength": 354,
      "wordCount": 58,
      "hasCoordinates": false
    },
    "affectedRoutes": [],
    "resolutionTimeMinutes": null,
    "predictedSeverity": null,
    "predictedImpact": null,
    "recordedAt": "2025-06-16T07:50:33.798Z"
  },
  {
    "id": "nh_1750060233792_21",
    "timestamp": "2025-06-16T07:50:33.798Z",
    "title": "A14 J23 eastbound exit | Eastbound | Congestion",
    "description": "Location : The A14 eastbound exit slip at junction J23 . \nReason : Congestion. \nStatus : Currently Active. \nReturn To Normal : Normal traffic conditions are expected between 08:45 and 09:00 on 16 June 2025.",
    "location": "A14, Cambridgeshire",
    "coordinates": [
      52.293003,
      -0.15357085
    ],
    "source": "national_highways",
    "features": {
      "hour": 8,
      "dayOfWeek": 1,
      "isWeekend": false,
      "isRushHour": true,
      "month": 5,
      "isA1": true,
      "isA19": false,
      "isA69": false,
      "isNewcastle": false,
      "isGateshead": false,
      "isSunderland": false,
      "isDurham": false,
      "isMotorway": true,
      "isBridge": true,
      "isJunction": true,
      "isRoundabout": false,
      "isAccident": false,
      "isBreakdown": false,
      "isRoadworks": false,
      "isWeather": false,
      "isBlocked": false,
      "isClosed": false,
      "isEmergency": false,
      "isDelay": false,
      "hasLanes": false,
      "isMultiLane": false,
      "hasUrgent": false,
      "hasMinor": false,
      "hasCleared": false,
      "hasExpected": true,
      "hasDuration": false,
      "textLength": 274,
      "wordCount": 45,
      "hasCoordinates": false
    },
    "affectedRoutes": [
      "21",
      "25",
      "28",
      "28B",
      "X21",
      "X25"
    ],
    "resolutionTimeMinutes": null,
    "predictedSeverity": null,
    "predictedImpact": null,
    "recordedAt": "2025-06-16T07:50:33.798Z"
  },
  {
    "id": "nh_1750060233792_20",
    "timestamp": "2025-06-16T07:50:33.797Z",
    "title": "A64 eastbound exit for A169 | Eastbound | RoadOrCarriagewayOrLaneManagement",
    "description": "Location : The A64 eastbound exit slip to the A169  . \nReason : Road Management. \nStatus : Currently Active. \nTime To Clear : The event is expected to clear between 10:00 and 10:15 on 16 June 2025. \nReturn To Normal : Normal traffic conditions are expected between 10:00 and 10:15 on 16 June 2025. \nLanes Closed : There are lane closures.",
    "location": "A64, North Yorkshire",
    "coordinates": [
      54.149868,
      -0.77845347
    ],
    "source": "national_highways",
    "features": {
      "hour": 8,
      "dayOfWeek": 1,
      "isWeekend": false,
      "isRushHour": true,
      "month": 5,
      "isA1": true,
      "isA19": false,
      "isA69": false,
      "isNewcastle": false,
      "isGateshead": false,
      "isSunderland": false,
      "isDurham": false,
      "isMotorway": true,
      "isBridge": false,
      "isJunction": true,
      "isRoundabout": false,
      "isAccident": false,
      "isBreakdown": false,
      "isRoadworks": false,
      "isWeather": false,
      "isBlocked": false,
      "isClosed": true,
      "isEmergency": false,
      "isDelay": false,
      "hasLanes": true,
      "isMultiLane": true,
      "hasUrgent": false,
      "hasMinor": false,
      "hasCleared": false,
      "hasExpected": true,
      "hasDuration": false,
      "textLength": 435,
      "wordCount": 74,
      "hasCoordinates": false
    },
    "affectedRoutes": [
      "21",
      "25",
      "28",
      "28B",
      "X21",
      "X25"
    ],
    "resolutionTimeMinutes": null,
    "predictedSeverity": null,
    "predictedImpact": null,
    "recordedAt": "2025-06-16T07:50:33.797Z"
  },
  {
    "id": "nh_1750060233792_19",
    "timestamp": "2025-06-16T07:50:33.797Z",
    "title": "M18 southbound between J4 and J3 | Southbound | Accident",
    "description": "Location : The M18 southbound between junctions J4  and J3 . \nReason : Road traffic collision. \nStatus : Currently Active. \nTime To Clear : The event is expected to clear between 09:30 and 09:45 on 16 June 2025. \nReturn To Normal : Normal traffic conditions are expected between 10:30 and 10:45 on 16 June 2025. \nDelay : There are currently delays of 1 hour against expected traffic. \nLanes Closed : There are lane closures.",
    "location": "M18, Doncaster District",
    "coordinates": [
      53.488243,
      -1.1029027
    ],
    "source": "national_highways",
    "features": {
      "hour": 8,
      "dayOfWeek": 1,
      "isWeekend": false,
      "isRushHour": true,
      "month": 5,
      "isA1": false,
      "isA19": false,
      "isA69": false,
      "isNewcastle": false,
      "isGateshead": false,
      "isSunderland": false,
      "isDurham": false,
      "isMotorway": true,
      "isBridge": false,
      "isJunction": true,
      "isRoundabout": false,
      "isAccident": true,
      "isBreakdown": false,
      "isRoadworks": false,
      "isWeather": false,
      "isBlocked": false,
      "isClosed": true,
      "isEmergency": false,
      "isDelay": true,
      "hasLanes": true,
      "isMultiLane": true,
      "hasUrgent": false,
      "hasMinor": false,
      "hasCleared": false,
      "hasExpected": true,
      "hasDuration": true,
      "textLength": 505,
      "wordCount": 88,
      "hasCoordinates": false
    },
    "affectedRoutes": [],
    "resolutionTimeMinutes": null,
    "predictedSeverity": null,
    "predictedImpact": null,
    "recordedAt": "2025-06-16T07:50:33.797Z"
  },
  {
    "id": "nh_1750060233792_18",
    "timestamp": "2025-06-16T07:50:33.797Z",
    "title": "M18 southbound between J4 and J3 | Southbound | Congestion",
    "description": "Location : The M18 southbound between junctions J4  and J3 . \nReason : Congestion. \nStatus : Currently Active. \nReturn To Normal : Normal traffic conditions are expected between 09:15 and 09:30 on 16 June 2025. \nCause : Road traffic collision. \nDelay : There are currently delays of 1 and a half hours against expected traffic.",
    "location": "M18, Doncaster District",
    "coordinates": [
      53.502113,
      -1.0560604
    ],
    "source": "national_highways",
    "features": {
      "hour": 8,
      "dayOfWeek": 1,
      "isWeekend": false,
      "isRushHour": true,
      "month": 5,
      "isA1": false,
      "isA19": false,
      "isA69": false,
      "isNewcastle": false,
      "isGateshead": false,
      "isSunderland": false,
      "isDurham": false,
      "isMotorway": true,
      "isBridge": false,
      "isJunction": true,
      "isRoundabout": false,
      "isAccident": true,
      "isBreakdown": false,
      "isRoadworks": false,
      "isWeather": false,
      "isBlocked": false,
      "isClosed": false,
      "isEmergency": false,
      "isDelay": true,
      "hasLanes": false,
      "isMultiLane": false,
      "hasUrgent": false,
      "hasMinor": false,
      "hasCleared": false,
      "hasExpected": true,
      "hasDuration": false,
      "textLength": 410,
      "wordCount": 69,
      "hasCoordinates": false
    },
    "affectedRoutes": [],
    "resolutionTimeMinutes": null,
    "predictedSeverity": null,
    "predictedImpact": null,
    "recordedAt": "2025-06-16T07:50:33.797Z"
  },
  {
    "id": "nh_1750060233791_8",
    "timestamp": "2025-06-16T07:50:33.797Z",
    "title": "A1 northbound exit for A605 | Northbound | Congestion",
    "description": "Location : The A1 northbound exit slip to the A605 . \nReason : Congestion. \nStatus : Currently Active. \nReturn To Normal : Normal traffic conditions are expected between 08:45 and 09:00 on 16 June 2025. \nDelay : There are currently delays of 10 minutes against expected traffic.",
    "location": "A1, Cambridgeshire",
    "coordinates": [
      52.546234,
      -0.33554527
    ],
    "source": "national_highways",
    "features": {
      "hour": 8,
      "dayOfWeek": 1,
      "isWeekend": false,
      "isRushHour": true,
      "month": 5,
      "isA1": true,
      "isA19": false,
      "isA69": false,
      "isNewcastle": false,
      "isGateshead": false,
      "isSunderland": false,
      "isDurham": false,
      "isMotorway": true,
      "isBridge": true,
      "isJunction": true,
      "isRoundabout": false,
      "isAccident": false,
      "isBreakdown": false,
      "isRoadworks": false,
      "isWeather": false,
      "isBlocked": false,
      "isClosed": false,
      "isEmergency": false,
      "isDelay": true,
      "hasLanes": false,
      "isMultiLane": false,
      "hasUrgent": false,
      "hasMinor": false,
      "hasCleared": false,
      "hasExpected": true,
      "hasDuration": true,
      "textLength": 351,
      "wordCount": 58,
      "hasCoordinates": false
    },
    "affectedRoutes": [
      "21",
      "25",
      "28",
      "28B",
      "X21",
      "X25"
    ],
    "resolutionTimeMinutes": null,
    "predictedSeverity": null,
    "predictedImpact": null,
    "recordedAt": "2025-06-16T07:50:33.797Z"
  },
  {
    "id": "nh_1750060233791_4",
    "timestamp": "2025-06-16T07:50:33.797Z",
    "title": "A19 northbound within the A194 junction | Northbound | Congestion",
    "description": "Location : The A19 northbound at the junction with the A194 . \nReason : Congestion. \nStatus : Currently Active. \nReturn To Normal : Normal traffic conditions are expected between 08:45 and 09:00 on 16 June 2025. \nDelay : There are currently delays of 10 minutes against expected traffic.",
    "location": "A19, South Tyneside District",
    "coordinates": [
      54.96516,
      -1.47367
    ],
    "source": "national_highways",
    "features": {
      "hour": 8,
      "dayOfWeek": 1,
      "isWeekend": false,
      "isRushHour": true,
      "month": 5,
      "isA1": true,
      "isA19": true,
      "isA69": false,
      "isNewcastle": false,
      "isGateshead": false,
      "isSunderland": false,
      "isDurham": false,
      "isMotorway": true,
      "isBridge": false,
      "isJunction": true,
      "isRoundabout": false,
      "isAccident": false,
      "isBreakdown": false,
      "isRoadworks": false,
      "isWeather": false,
      "isBlocked": false,
      "isClosed": false,
      "isEmergency": false,
      "isDelay": true,
      "hasLanes": false,
      "isMultiLane": false,
      "hasUrgent": false,
      "hasMinor": false,
      "hasCleared": false,
      "hasExpected": true,
      "hasDuration": true,
      "textLength": 382,
      "wordCount": 62,
      "hasCoordinates": false
    },
    "affectedRoutes": [
      "1",
      "2",
      "21",
      "25",
      "28",
      "28B",
      "307",
      "309",
      "317",
      "56",
      "9",
      "X21",
      "X25"
    ],
    "resolutionTimeMinutes": null,
    "predictedSeverity": null,
    "predictedImpact": null,
    "recordedAt": "2025-06-16T07:50:33.797Z"
  },
  {
    "id": "nh_1750060233791_2",
    "timestamp": "2025-06-16T07:50:33.796Z",
    "title": "A12 southbound within J25 | Southbound | Congestion",
    "description": "Location : The A12 southbound between junctions J26  and J25 . \nReason : Congestion. \nStatus : Currently Active. \nReturn To Normal : Normal traffic conditions are expected between 09:00 and 09:15 on 16 June 2025. \nDelay : There are currently delays of 20 minutes against expected traffic.",
    "location": "A12, Essex",
    "coordinates": [
      51.890568,
      0.83230925
    ],
    "source": "national_highways",
    "features": {
      "hour": 8,
      "dayOfWeek": 1,
      "isWeekend": false,
      "isRushHour": true,
      "month": 5,
      "isA1": true,
      "isA19": false,
      "isA69": false,
      "isNewcastle": false,
      "isGateshead": false,
      "isSunderland": false,
      "isDurham": false,
      "isMotorway": true,
      "isBridge": false,
      "isJunction": true,
      "isRoundabout": false,
      "isAccident": false,
      "isBreakdown": false,
      "isRoadworks": false,
      "isWeather": false,
      "isBlocked": false,
      "isClosed": false,
      "isEmergency": false,
      "isDelay": true,
      "hasLanes": false,
      "isMultiLane": false,
      "hasUrgent": false,
      "hasMinor": false,
      "hasCleared": false,
      "hasExpected": true,
      "hasDuration": true,
      "textLength": 351,
      "wordCount": 58,
      "hasCoordinates": false
    },
    "affectedRoutes": [
      "21",
      "25",
      "28",
      "28B",
      "X21",
      "X25"
    ],
    "resolutionTimeMinutes": null,
    "predictedSeverity": null,
    "predictedImpact": null,
    "recordedAt": "2025-06-16T07:50:33.796Z"
  },
  {
    "id": "nh_1750060180995_49",
    "timestamp": "2025-06-16T07:49:41.003Z",
    "title": "A11 southbound between A1075 and A134/A1066 | Southbound | Congestion",
    "description": "Location : The A11 southbound between the junctions with the A1075  and the A134 Thetford North. \nReason : Congestion. \nStatus : Currently Active. \nReturn To Normal : Normal traffic conditions are expected between 08:45 and 09:00 on 16 June 2025. \nDelay : There are currently delays of 10 minutes against expected traffic.",
    "location": "A11, Norfolk",
    "coordinates": [
      52.434837,
      0.74856687
    ],
    "source": "national_highways",
    "features": {
      "hour": 8,
      "dayOfWeek": 1,
      "isWeekend": false,
      "isRushHour": true,
      "month": 5,
      "isA1": true,
      "isA19": false,
      "isA69": false,
      "isNewcastle": false,
      "isGateshead": false,
      "isSunderland": false,
      "isDurham": false,
      "isMotorway": true,
      "isBridge": false,
      "isJunction": true,
      "isRoundabout": false,
      "isAccident": false,
      "isBreakdown": false,
      "isRoadworks": false,
      "isWeather": false,
      "isBlocked": false,
      "isClosed": false,
      "isEmergency": false,
      "isDelay": true,
      "hasLanes": false,
      "isMultiLane": false,
      "hasUrgent": false,
      "hasMinor": false,
      "hasCleared": false,
      "hasExpected": true,
      "hasDuration": true,
      "textLength": 405,
      "wordCount": 65,
      "hasCoordinates": false
    },
    "affectedRoutes": [
      "21",
      "25",
      "28",
      "28B",
      "X21",
      "X25"
    ],
    "resolutionTimeMinutes": null,
    "predictedSeverity": null,
    "predictedImpact": null,
    "recordedAt": "2025-06-16T07:49:41.003Z"
  },
  {
    "id": "nh_1750060180994_38",
    "timestamp": "2025-06-16T07:49:41.003Z",
    "title": "A1 southbound between A1(M) J40 and B6474 | Southbound | Congestion",
    "description": "Location : The A1 southbound between the junctions with the M62  and the A639 . \nReason : Congestion. \nStatus : Currently Active. \nReturn To Normal : Normal traffic conditions are expected between 08:45 and 09:00 on 16 June 2025. \nDelay : There are currently delays of 10 minutes against expected traffic.",
    "location": "A1, Wakefield District",
    "coordinates": [
      53.679337,
      -1.2616786
    ],
    "source": "national_highways",
    "features": {
      "hour": 8,
      "dayOfWeek": 1,
      "isWeekend": false,
      "isRushHour": true,
      "month": 5,
      "isA1": true,
      "isA19": false,
      "isA69": false,
      "isNewcastle": false,
      "isGateshead": false,
      "isSunderland": false,
      "isDurham": false,
      "isMotorway": true,
      "isBridge": false,
      "isJunction": true,
      "isRoundabout": false,
      "isAccident": false,
      "isBreakdown": false,
      "isRoadworks": false,
      "isWeather": false,
      "isBlocked": false,
      "isClosed": false,
      "isEmergency": false,
      "isDelay": true,
      "hasLanes": false,
      "isMultiLane": false,
      "hasUrgent": false,
      "hasMinor": false,
      "hasCleared": false,
      "hasExpected": true,
      "hasDuration": true,
      "textLength": 396,
      "wordCount": 66,
      "hasCoordinates": false
    },
    "affectedRoutes": [
      "21",
      "25",
      "28",
      "28B",
      "X21",
      "X25"
    ],
    "resolutionTimeMinutes": null,
    "predictedSeverity": null,
    "predictedImpact": null,
    "recordedAt": "2025-06-16T07:49:41.003Z"
  },
  {
    "id": "nh_1750060180994_34",
    "timestamp": "2025-06-16T07:49:41.003Z",
    "title": "M1 northbound within J39 | Northbound | Congestion",
    "description": "Location : The M1 northbound between junctions J38  and J39 . \nReason : Congestion. \nStatus : Currently Active. \nReturn To Normal : Normal traffic conditions are expected between 08:45 and 09:00 on 16 June 2025. \nDelay : There are currently delays of 15 minutes against expected traffic.",
    "location": "M1, Wakefield District",
    "coordinates": [
      53.628933,
      -1.5412493
    ],
    "source": "national_highways",
    "features": {
      "hour": 8,
      "dayOfWeek": 1,
      "isWeekend": false,
      "isRushHour": true,
      "month": 5,
      "isA1": false,
      "isA19": false,
      "isA69": false,
      "isNewcastle": false,
      "isGateshead": false,
      "isSunderland": false,
      "isDurham": false,
      "isMotorway": true,
      "isBridge": false,
      "isJunction": true,
      "isRoundabout": false,
      "isAccident": false,
      "isBreakdown": false,
      "isRoadworks": false,
      "isWeather": false,
      "isBlocked": false,
      "isClosed": false,
      "isEmergency": false,
      "isDelay": true,
      "hasLanes": false,
      "isMultiLane": false,
      "hasUrgent": false,
      "hasMinor": false,
      "hasCleared": false,
      "hasExpected": true,
      "hasDuration": true,
      "textLength": 361,
      "wordCount": 59,
      "hasCoordinates": false
    },
    "affectedRoutes": [],
    "resolutionTimeMinutes": null,
    "predictedSeverity": null,
    "predictedImpact": null,
    "recordedAt": "2025-06-16T07:49:41.003Z"
  },
  {
    "id": "merged-national_highways-national_highways-1750060180999",
    "timestamp": "2025-06-16T07:49:41.002Z",
    "title": "M1 northbound within J39 | Northbound | Broken down vehicle",
    "description": "Location : The M1 northbound entry slip at junction J39 . \nLane Closures : Lane two is closed. \nReason : Broken down vehicle. \nStatus : Currently Active. \nTime To Clear : The event is expected to clear between 09:15 and 09:30 on 16 June 2025. \nReturn To Normal : Normal traffic conditions are expected between 09:15 and 09:30 on 16 June 2025. \nLanes Closed : There is one of two lanes closed.",
    "location": "M1, Wakefield District",
    "coordinates": [
      53.65018,
      -1.5289488
    ],
    "source": "national_highways",
    "features": {
      "hour": 8,
      "dayOfWeek": 1,
      "isWeekend": false,
      "isRushHour": true,
      "month": 5,
      "isA1": false,
      "isA19": false,
      "isA69": false,
      "isNewcastle": false,
      "isGateshead": false,
      "isSunderland": false,
      "isDurham": false,
      "isMotorway": true,
      "isBridge": false,
      "isJunction": true,
      "isRoundabout": false,
      "isAccident": false,
      "isBreakdown": true,
      "isRoadworks": false,
      "isWeather": false,
      "isBlocked": false,
      "isClosed": true,
      "isEmergency": false,
      "isDelay": false,
      "hasLanes": true,
      "isMultiLane": true,
      "hasUrgent": false,
      "hasMinor": false,
      "hasCleared": false,
      "hasExpected": true,
      "hasDuration": false,
      "textLength": 475,
      "wordCount": 85,
      "hasCoordinates": false
    },
    "affectedRoutes": [],
    "resolutionTimeMinutes": null,
    "predictedSeverity": null,
    "predictedImpact": null,
    "recordedAt": "2025-06-16T07:49:41.002Z"
  },
  {
    "id": "nh_1750060180994_32",
    "timestamp": "2025-06-16T07:49:41.002Z",
    "title": "connector at M1 J42/M62 J29 | Northbound | Congestion",
    "description": "Location : The M1 northbound exit slip at junction J42 For M62 East. \nReason : Congestion. \nStatus : Currently Active. \nReturn To Normal : Normal traffic conditions are expected between 08:45 and 09:00 on 16 June 2025. \nDelay : There are currently delays of 10 minutes against expected traffic.",
    "location": "M1, Leeds District",
    "coordinates": [
      53.729725,
      -1.5134703
    ],
    "source": "national_highways",
    "features": {
      "hour": 8,
      "dayOfWeek": 1,
      "isWeekend": false,
      "isRushHour": true,
      "month": 5,
      "isA1": false,
      "isA19": false,
      "isA69": false,
      "isNewcastle": false,
      "isGateshead": false,
      "isSunderland": false,
      "isDurham": false,
      "isMotorway": true,
      "isBridge": false,
      "isJunction": true,
      "isRoundabout": false,
      "isAccident": false,
      "isBreakdown": false,
      "isRoadworks": false,
      "isWeather": false,
      "isBlocked": false,
      "isClosed": false,
      "isEmergency": false,
      "isDelay": true,
      "hasLanes": false,
      "isMultiLane": false,
      "hasUrgent": false,
      "hasMinor": false,
      "hasCleared": false,
      "hasExpected": true,
      "hasDuration": true,
      "textLength": 367,
      "wordCount": 61,
      "hasCoordinates": false
    },
    "affectedRoutes": [],
    "resolutionTimeMinutes": null,
    "predictedSeverity": null,
    "predictedImpact": null,
    "recordedAt": "2025-06-16T07:49:41.002Z"
  },
  {
    "id": "nh_1750060180994_30",
    "timestamp": "2025-06-16T07:49:41.002Z",
    "title": "A11 northbound between B1135 near Wymondham (north) and A47 | Northbound | Congestion",
    "description": "Location : The A11 northbound between the junctions with the A1075  and the A47 . \nReason : Congestion. \nStatus : Currently Active. \nReturn To Normal : Normal traffic conditions are expected between 08:45 and 09:00 on 16 June 2025. \nDelay : There are currently delays of 10 minutes against expected traffic.",
    "location": "A11, Norfolk",
    "coordinates": [
      52.599655,
      1.219382
    ],
    "source": "national_highways",
    "features": {
      "hour": 8,
      "dayOfWeek": 1,
      "isWeekend": false,
      "isRushHour": true,
      "month": 5,
      "isA1": true,
      "isA19": false,
      "isA69": false,
      "isNewcastle": false,
      "isGateshead": false,
      "isSunderland": false,
      "isDurham": false,
      "isMotorway": true,
      "isBridge": false,
      "isJunction": true,
      "isRoundabout": false,
      "isAccident": false,
      "isBreakdown": false,
      "isRoadworks": false,
      "isWeather": false,
      "isBlocked": false,
      "isClosed": false,
      "isEmergency": false,
      "isDelay": true,
      "hasLanes": false,
      "isMultiLane": false,
      "hasUrgent": false,
      "hasMinor": false,
      "hasCleared": false,
      "hasExpected": true,
      "hasDuration": true,
      "textLength": 406,
      "wordCount": 67,
      "hasCoordinates": false
    },
    "affectedRoutes": [
      "21",
      "25",
      "28",
      "28B",
      "X21",
      "X25"
    ],
    "resolutionTimeMinutes": null,
    "predictedSeverity": null,
    "predictedImpact": null,
    "recordedAt": "2025-06-16T07:49:41.002Z"
  },
  {
    "id": "nh_1750060180994_28",
    "timestamp": "2025-06-16T07:49:41.002Z",
    "title": "M62 westbound between J37 and J36 | Westbound | Congestion",
    "description": "Location : The M62 westbound between junctions J37  and J36 . \nReason : Congestion. \nStatus : Currently Active. \nReturn To Normal : Normal traffic conditions are expected between 08:45 and 09:00 on 16 June 2025. \nCause : Emergency bridge repairs. \nDelay : There are currently delays of 15 minutes against expected traffic.",
    "location": "M62, East Riding of Yorkshire",
    "coordinates": [
      53.73612,
      -0.86244935
    ],
    "source": "national_highways",
    "features": {
      "hour": 8,
      "dayOfWeek": 1,
      "isWeekend": false,
      "isRushHour": true,
      "month": 5,
      "isA1": false,
      "isA19": false,
      "isA69": false,
      "isNewcastle": false,
      "isGateshead": false,
      "isSunderland": false,
      "isDurham": false,
      "isMotorway": false,
      "isBridge": true,
      "isJunction": true,
      "isRoundabout": false,
      "isAccident": false,
      "isBreakdown": false,
      "isRoadworks": false,
      "isWeather": false,
      "isBlocked": false,
      "isClosed": false,
      "isEmergency": true,
      "isDelay": true,
      "hasLanes": false,
      "isMultiLane": false,
      "hasUrgent": false,
      "hasMinor": false,
      "hasCleared": false,
      "hasExpected": true,
      "hasDuration": true,
      "textLength": 411,
      "wordCount": 68,
      "hasCoordinates": false
    },
    "affectedRoutes": [],
    "resolutionTimeMinutes": null,
    "predictedSeverity": null,
    "predictedImpact": null,
    "recordedAt": "2025-06-16T07:49:41.002Z"
  },
  {
    "id": "nh_1750060180993_24",
    "timestamp": "2025-06-16T07:49:41.002Z",
    "title": "M1 J31 northbound exit | Northbound | Congestion",
    "description": "Location : The M1 northbound exit slip at junction J31 . \nReason : Congestion. \nStatus : Currently Active. \nReturn To Normal : Normal traffic conditions are expected between 08:45 and 09:00 on 16 June 2025. \nDelay : There are currently delays of 10 minutes against expected traffic.",
    "location": "M1, Rotherham District",
    "coordinates": [
      53.35929,
      -1.2845325
    ],
    "source": "national_highways",
    "features": {
      "hour": 8,
      "dayOfWeek": 1,
      "isWeekend": false,
      "isRushHour": true,
      "month": 5,
      "isA1": false,
      "isA19": false,
      "isA69": false,
      "isNewcastle": false,
      "isGateshead": false,
      "isSunderland": false,
      "isDurham": false,
      "isMotorway": true,
      "isBridge": false,
      "isJunction": true,
      "isRoundabout": false,
      "isAccident": false,
      "isBreakdown": false,
      "isRoadworks": false,
      "isWeather": false,
      "isBlocked": false,
      "isClosed": false,
      "isEmergency": false,
      "isDelay": true,
      "hasLanes": false,
      "isMultiLane": false,
      "hasUrgent": false,
      "hasMinor": false,
      "hasCleared": false,
      "hasExpected": true,
      "hasDuration": true,
      "textLength": 354,
      "wordCount": 58,
      "hasCoordinates": false
    },
    "affectedRoutes": [],
    "resolutionTimeMinutes": null,
    "predictedSeverity": null,
    "predictedImpact": null,
    "recordedAt": "2025-06-16T07:49:41.002Z"
  },
  {
    "id": "nh_1750060180993_22",
    "timestamp": "2025-06-16T07:49:41.002Z",
    "title": "A14 J23 eastbound exit | Eastbound | Congestion",
    "description": "Location : The A14 eastbound exit slip at junction J23 . \nReason : Congestion. \nStatus : Currently Active. \nReturn To Normal : Normal traffic conditions are expected between 08:45 and 09:00 on 16 June 2025.",
    "location": "A14, Cambridgeshire",
    "coordinates": [
      52.293003,
      -0.15357085
    ],
    "source": "national_highways",
    "features": {
      "hour": 8,
      "dayOfWeek": 1,
      "isWeekend": false,
      "isRushHour": true,
      "month": 5,
      "isA1": true,
      "isA19": false,
      "isA69": false,
      "isNewcastle": false,
      "isGateshead": false,
      "isSunderland": false,
      "isDurham": false,
      "isMotorway": true,
      "isBridge": true,
      "isJunction": true,
      "isRoundabout": false,
      "isAccident": false,
      "isBreakdown": false,
      "isRoadworks": false,
      "isWeather": false,
      "isBlocked": false,
      "isClosed": false,
      "isEmergency": false,
      "isDelay": false,
      "hasLanes": false,
      "isMultiLane": false,
      "hasUrgent": false,
      "hasMinor": false,
      "hasCleared": false,
      "hasExpected": true,
      "hasDuration": false,
      "textLength": 274,
      "wordCount": 45,
      "hasCoordinates": false
    },
    "affectedRoutes": [
      "21",
      "25",
      "28",
      "28B",
      "X21",
      "X25"
    ],
    "resolutionTimeMinutes": null,
    "predictedSeverity": null,
    "predictedImpact": null,
    "recordedAt": "2025-06-16T07:49:41.002Z"
  },
  {
    "id": "nh_1750060180993_21",
    "timestamp": "2025-06-16T07:49:41.001Z",
    "title": "A64 eastbound exit for A169 | Eastbound | RoadOrCarriagewayOrLaneManagement",
    "description": "Location : The A64 eastbound exit slip to the A169  . \nReason : Road Management. \nStatus : Currently Active. \nTime To Clear : The event is expected to clear between 10:00 and 10:15 on 16 June 2025. \nReturn To Normal : Normal traffic conditions are expected between 10:00 and 10:15 on 16 June 2025. \nLanes Closed : There are lane closures.",
    "location": "A64, North Yorkshire",
    "coordinates": [
      54.149868,
      -0.77845347
    ],
    "source": "national_highways",
    "features": {
      "hour": 8,
      "dayOfWeek": 1,
      "isWeekend": false,
      "isRushHour": true,
      "month": 5,
      "isA1": true,
      "isA19": false,
      "isA69": false,
      "isNewcastle": false,
      "isGateshead": false,
      "isSunderland": false,
      "isDurham": false,
      "isMotorway": true,
      "isBridge": false,
      "isJunction": true,
      "isRoundabout": false,
      "isAccident": false,
      "isBreakdown": false,
      "isRoadworks": false,
      "isWeather": false,
      "isBlocked": false,
      "isClosed": true,
      "isEmergency": false,
      "isDelay": false,
      "hasLanes": true,
      "isMultiLane": true,
      "hasUrgent": false,
      "hasMinor": false,
      "hasCleared": false,
      "hasExpected": true,
      "hasDuration": false,
      "textLength": 435,
      "wordCount": 74,
      "hasCoordinates": false
    },
    "affectedRoutes": [
      "21",
      "25",
      "28",
      "28B",
      "X21",
      "X25"
    ],
    "resolutionTimeMinutes": null,
    "predictedSeverity": null,
    "predictedImpact": null,
    "recordedAt": "2025-06-16T07:49:41.001Z"
  },
  {
    "id": "nh_1750060180993_20",
    "timestamp": "2025-06-16T07:49:41.001Z",
    "title": "M18 southbound between J4 and J3 | Southbound | Accident",
    "description": "Location : The M18 southbound between junctions J4  and J3 . \nReason : Road traffic collision. \nStatus : Currently Active. \nTime To Clear : The event is expected to clear between 09:30 and 09:45 on 16 June 2025. \nReturn To Normal : Normal traffic conditions are expected between 09:30 and 09:45 on 16 June 2025. \nDelay : There are currently delays of 1 and a half hours against expected traffic. \nLanes Closed : There are lane closures.",
    "location": "M18, Doncaster District",
    "coordinates": [
      53.488243,
      -1.1029027
    ],
    "source": "national_highways",
    "features": {
      "hour": 8,
      "dayOfWeek": 1,
      "isWeekend": false,
      "isRushHour": true,
      "month": 5,
      "isA1": false,
      "isA19": false,
      "isA69": false,
      "isNewcastle": false,
      "isGateshead": false,
      "isSunderland": false,
      "isDurham": false,
      "isMotorway": true,
      "isBridge": false,
      "isJunction": true,
      "isRoundabout": false,
      "isAccident": true,
      "isBreakdown": false,
      "isRoadworks": false,
      "isWeather": false,
      "isBlocked": false,
      "isClosed": true,
      "isEmergency": false,
      "isDelay": true,
      "hasLanes": true,
      "isMultiLane": true,
      "hasUrgent": false,
      "hasMinor": false,
      "hasCleared": false,
      "hasExpected": true,
      "hasDuration": false,
      "textLength": 517,
      "wordCount": 91,
      "hasCoordinates": false
    },
    "affectedRoutes": [],
    "resolutionTimeMinutes": null,
    "predictedSeverity": null,
    "predictedImpact": null,
    "recordedAt": "2025-06-16T07:49:41.001Z"
  },
  {
    "id": "nh_1750060180993_19",
    "timestamp": "2025-06-16T07:49:41.001Z",
    "title": "M18 southbound between J4 and J3 | Southbound | Congestion",
    "description": "Location : The M18 southbound between junctions J4  and J3 . \nReason : Congestion. \nStatus : Currently Active. \nReturn To Normal : Normal traffic conditions are expected between 09:15 and 09:30 on 16 June 2025. \nCause : Road traffic collision. \nDelay : There are currently delays of 1 hour against expected traffic.",
    "location": "M18, Doncaster District",
    "coordinates": [
      53.502113,
      -1.0560604
    ],
    "source": "national_highways",
    "features": {
      "hour": 8,
      "dayOfWeek": 1,
      "isWeekend": false,
      "isRushHour": true,
      "month": 5,
      "isA1": false,
      "isA19": false,
      "isA69": false,
      "isNewcastle": false,
      "isGateshead": false,
      "isSunderland": false,
      "isDurham": false,
      "isMotorway": true,
      "isBridge": false,
      "isJunction": true,
      "isRoundabout": false,
      "isAccident": true,
      "isBreakdown": false,
      "isRoadworks": false,
      "isWeather": false,
      "isBlocked": false,
      "isClosed": false,
      "isEmergency": false,
      "isDelay": true,
      "hasLanes": false,
      "isMultiLane": false,
      "hasUrgent": false,
      "hasMinor": false,
      "hasCleared": false,
      "hasExpected": true,
      "hasDuration": true,
      "textLength": 398,
      "wordCount": 66,
      "hasCoordinates": false
    },
    "affectedRoutes": [],
    "resolutionTimeMinutes": null,
    "predictedSeverity": null,
    "predictedImpact": null,
    "recordedAt": "2025-06-16T07:49:41.001Z"
  },
  {
    "id": "nh_1750060180992_8",
    "timestamp": "2025-06-16T07:49:41.001Z",
    "title": "A1 northbound exit for A605 | Northbound | Congestion",
    "description": "Location : The A1 northbound exit slip to the A605 . \nReason : Congestion. \nStatus : Currently Active. \nReturn To Normal : Normal traffic conditions are expected between 08:45 and 09:00 on 16 June 2025.",
    "location": "A1, Cambridgeshire",
    "coordinates": [
      52.546234,
      -0.33554527
    ],
    "source": "national_highways",
    "features": {
      "hour": 8,
      "dayOfWeek": 1,
      "isWeekend": false,
      "isRushHour": true,
      "month": 5,
      "isA1": true,
      "isA19": false,
      "isA69": false,
      "isNewcastle": false,
      "isGateshead": false,
      "isSunderland": false,
      "isDurham": false,
      "isMotorway": true,
      "isBridge": true,
      "isJunction": true,
      "isRoundabout": false,
      "isAccident": false,
      "isBreakdown": false,
      "isRoadworks": false,
      "isWeather": false,
      "isBlocked": false,
      "isClosed": false,
      "isEmergency": false,
      "isDelay": false,
      "hasLanes": false,
      "isMultiLane": false,
      "hasUrgent": false,
      "hasMinor": false,
      "hasCleared": false,
      "hasExpected": true,
      "hasDuration": false,
      "textLength": 275,
      "wordCount": 46,
      "hasCoordinates": false
    },
    "affectedRoutes": [
      "21",
      "25",
      "28",
      "28B",
      "X21",
      "X25"
    ],
    "resolutionTimeMinutes": null,
    "predictedSeverity": null,
    "predictedImpact": null,
    "recordedAt": "2025-06-16T07:49:41.001Z"
  },
  {
    "id": "nh_1750060180992_4",
    "timestamp": "2025-06-16T07:49:41.001Z",
    "title": "A19 northbound within the A194 junction | Northbound | Congestion",
    "description": "Location : The A19 northbound at the junction with the A194 . \nReason : Congestion. \nStatus : Currently Active. \nReturn To Normal : Normal traffic conditions are expected between 08:45 and 09:00 on 16 June 2025. \nDelay : There are currently delays of 10 minutes against expected traffic.",
    "location": "A19, South Tyneside District",
    "coordinates": [
      54.96516,
      -1.47367
    ],
    "source": "national_highways",
    "features": {
      "hour": 8,
      "dayOfWeek": 1,
      "isWeekend": false,
      "isRushHour": true,
      "month": 5,
      "isA1": true,
      "isA19": true,
      "isA69": false,
      "isNewcastle": false,
      "isGateshead": false,
      "isSunderland": false,
      "isDurham": false,
      "isMotorway": true,
      "isBridge": false,
      "isJunction": true,
      "isRoundabout": false,
      "isAccident": false,
      "isBreakdown": false,
      "isRoadworks": false,
      "isWeather": false,
      "isBlocked": false,
      "isClosed": false,
      "isEmergency": false,
      "isDelay": true,
      "hasLanes": false,
      "isMultiLane": false,
      "hasUrgent": false,
      "hasMinor": false,
      "hasCleared": false,
      "hasExpected": true,
      "hasDuration": true,
      "textLength": 382,
      "wordCount": 62,
      "hasCoordinates": false
    },
    "affectedRoutes": [
      "1",
      "2",
      "21",
      "25",
      "28",
      "28B",
      "307",
      "309",
      "317",
      "56",
      "9",
      "X21",
      "X25"
    ],
    "resolutionTimeMinutes": null,
    "predictedSeverity": null,
    "predictedImpact": null,
    "recordedAt": "2025-06-16T07:49:41.001Z"
  },
  {
    "id": "nh_1750060180992_2",
    "timestamp": "2025-06-16T07:49:41.000Z",
    "title": "A12 southbound within J25 | Southbound | Congestion",
    "description": "Location : The A12 southbound between junctions J28  and J25 . \nReason : Congestion. \nStatus : Currently Active. \nReturn To Normal : Normal traffic conditions are expected between 09:00 and 09:15 on 16 June 2025. \nDelay : There are currently delays of 30 minutes against expected traffic.",
    "location": "A12, Essex",
    "coordinates": [
      51.92528,
      0.9057427
    ],
    "source": "national_highways",
    "features": {
      "hour": 8,
      "dayOfWeek": 1,
      "isWeekend": false,
      "isRushHour": true,
      "month": 5,
      "isA1": true,
      "isA19": false,
      "isA69": false,
      "isNewcastle": false,
      "isGateshead": false,
      "isSunderland": false,
      "isDurham": false,
      "isMotorway": true,
      "isBridge": false,
      "isJunction": true,
      "isRoundabout": false,
      "isAccident": false,
      "isBreakdown": false,
      "isRoadworks": false,
      "isWeather": false,
      "isBlocked": false,
      "isClosed": false,
      "isEmergency": false,
      "isDelay": true,
      "hasLanes": false,
      "isMultiLane": false,
      "hasUrgent": false,
      "hasMinor": false,
      "hasCleared": false,
      "hasExpected": true,
      "hasDuration": true,
      "textLength": 351,
      "wordCount": 58,
      "hasCoordinates": false
    },
    "affectedRoutes": [
      "21",
      "25",
      "28",
      "28B",
      "X21",
      "X25"
    ],
    "resolutionTimeMinutes": null,
    "predictedSeverity": null,
    "predictedImpact": null,
    "recordedAt": "2025-06-16T07:49:41.000Z"
  }
]